CREATE DATABASE IF NOT EXISTS Bd_Hoteleria;
USE Bd_Hoteleria;
-- MySQL dump 10.13  Distrib 8.0.41, for Win64 (x86_64)
--
-- Host: 127.0.0.1    Database: bd_hoteleria
-- ------------------------------------------------------
-- Server version	8.0.41

/*!40101 SET @OLD_CHARACTER_SET_CLIENT=@@CHARACTER_SET_CLIENT */;
/*!40101 SET @OLD_CHARACTER_SET_RESULTS=@@CHARACTER_SET_RESULTS */;
/*!40101 SET @OLD_COLLATION_CONNECTION=@@COLLATION_CONNECTION */;
/*!50503 SET NAMES utf8 */;
/*!40103 SET @OLD_TIME_ZONE=@@TIME_ZONE */;
/*!40103 SET TIME_ZONE='+00:00' */;
/*!40014 SET @OLD_UNIQUE_CHECKS=@@UNIQUE_CHECKS, UNIQUE_CHECKS=0 */;
/*!40014 SET @OLD_FOREIGN_KEY_CHECKS=@@FOREIGN_KEY_CHECKS, FOREIGN_KEY_CHECKS=0 */;
/*!40101 SET @OLD_SQL_MODE=@@SQL_MODE, SQL_MODE='NO_AUTO_VALUE_ON_ZERO' */;
/*!40111 SET @OLD_SQL_NOTES=@@SQL_NOTES, SQL_NOTES=0 */;

--
-- Table structure for table tbl_aplicacion
--

DROP TABLE IF EXISTS tbl_aplicacion;
/*!40101 SET @saved_cs_client     = @@character_set_client */;
/*!50503 SET character_set_client = utf8mb4 */;
CREATE TABLE tbl_aplicacion (
  Pk_Id_Aplicacion int NOT NULL,
  Fk_Id_Reporte_Aplicacion int DEFAULT NULL,
  Cmp_Nombre_Aplicacion varchar(50) DEFAULT NULL,
  Cmp_Descripcion_Aplicacion varchar(50) DEFAULT NULL,
  Cmp_Estado_Aplicacion bit(1) NOT NULL,
  PRIMARY KEY (Pk_Id_Aplicacion),
  KEY Fk_Aplicacion_Reporte (Fk_Id_Reporte_Aplicacion),
  CONSTRAINT Fk_Aplicacion_Reporte FOREIGN KEY (Fk_Id_Reporte_Aplicacion) REFERENCES tbl_reportes (Pk_Id_Reporte)
) ENGINE=InnoDB DEFAULT CHARSET=utf8mb4 COLLATE=utf8mb4_0900_ai_ci;
/*!40101 SET character_set_client = @saved_cs_client */;

--
-- Dumping data for table tbl_aplicacion
--

LOCK TABLES tbl_aplicacion WRITE;
/*!40000 ALTER TABLE tbl_aplicacion DISABLE KEYS */;
INSERT INTO tbl_aplicacion VALUES (1,NULL,'Registros','Registro de acciones en el sistema',_binary ''),(301,NULL,'Empleados','Control de empleados de la hoteleria',_binary ''),(302,NULL,'Usuarios','Control de usuarios de empleados',_binary ''),(303,NULL,'Perfiles','Perfiles que se asignan a usuarios',_binary ''),(304,NULL,'Modulos','Mantenimiento de modulos',_binary ''),(305,NULL,'Aplicacion','Mantenimiento de aplicaciones',_binary ''),(306,NULL,'Asig Aplicacion Usuario','Asigna permisos a usuarios',_binary ''),(307,NULL,'Asig aplicacion Perfil','Asigna permisos a perfiles',_binary ''),(308,NULL,'Asig Perfiles','Asigna los perfiles a usuarios',_binary ''),(309,NULL,'Bitacora','Da acceso a bitacora',_binary '');
/*!40000 ALTER TABLE tbl_aplicacion ENABLE KEYS */;
UNLOCK TABLES;

--
-- Table structure for table tbl_asignacion_modulo_aplicacion
--

DROP TABLE IF EXISTS tbl_asignacion_modulo_aplicacion;
/*!40101 SET @saved_cs_client     = @@character_set_client */;
/*!50503 SET character_set_client = utf8mb4 */;
CREATE TABLE tbl_asignacion_modulo_aplicacion (
  Fk_Id_Modulo int NOT NULL,
  Fk_Id_Aplicacion int NOT NULL,
  PRIMARY KEY (Fk_Id_Modulo,Fk_Id_Aplicacion),
  KEY Fk_AsigAplicacion (Fk_Id_Aplicacion),
  CONSTRAINT Fk_AsigAplicacion FOREIGN KEY (Fk_Id_Aplicacion) REFERENCES tbl_aplicacion (Pk_Id_Aplicacion),
  CONSTRAINT Fk_AsigModulo FOREIGN KEY (Fk_Id_Modulo) REFERENCES tbl_modulo (Pk_Id_Modulo)
) ENGINE=InnoDB DEFAULT CHARSET=utf8mb4 COLLATE=utf8mb4_0900_ai_ci;
/*!40101 SET character_set_client = @saved_cs_client */;

--
-- Dumping data for table tbl_asignacion_modulo_aplicacion
--

LOCK TABLES tbl_asignacion_modulo_aplicacion WRITE;
/*!40000 ALTER TABLE tbl_asignacion_modulo_aplicacion DISABLE KEYS */;
INSERT INTO tbl_asignacion_modulo_aplicacion VALUES (4,301),(4,302),(4,303),(4,304),(4,305),(4,306),(4,307),(4,308),(4,309);
/*!40000 ALTER TABLE tbl_asignacion_modulo_aplicacion ENABLE KEYS */;
UNLOCK TABLES;

--
-- Table structure for table tbl_asignar_perfil_cliente
--

DROP TABLE IF EXISTS tbl_asignar_perfil_cliente;
/*!40101 SET @saved_cs_client     = @@character_set_client */;
/*!50503 SET character_set_client = utf8mb4 */;
CREATE TABLE tbl_asignar_perfil_cliente (
  Fk_Id_Perfil int NOT NULL,
  Fk_Id_Cliente int NOT NULL,
  PRIMARY KEY (Fk_Id_Perfil,Fk_Id_Cliente),
  KEY Fk_AsigCliente (Fk_Id_Cliente),
  CONSTRAINT Fk_AsigCliente FOREIGN KEY (Fk_Id_Cliente) REFERENCES tbl_cliente (Pk_Id_Cliente),
  CONSTRAINT Fk_AsigPerfil FOREIGN KEY (Fk_Id_Perfil) REFERENCES tbl_perfil (Pk_Id_Perfil)
) ENGINE=InnoDB DEFAULT CHARSET=utf8mb4 COLLATE=utf8mb4_0900_ai_ci;
/*!40101 SET character_set_client = @saved_cs_client */;

--
-- Dumping data for table tbl_asignar_perfil_cliente
--

LOCK TABLES tbl_asignar_perfil_cliente WRITE;
/*!40000 ALTER TABLE tbl_asignar_perfil_cliente DISABLE KEYS */;
/*!40000 ALTER TABLE tbl_asignar_perfil_cliente ENABLE KEYS */;
UNLOCK TABLES;

--
-- Table structure for table tbl_bitacora
--

DROP TABLE IF EXISTS Tbl_Bitacora;
CREATE TABLE Tbl_Bitacora (
    Pk_Id_Bitacora INT NOT NULL AUTO_INCREMENT,
    Fk_Id_Usuario INT NULL,
    Fk_Id_Aplicacion INT NULL,
    Cmp_Fecha DATETIME NULL,
    Cmp_Accion VARCHAR(255) NULL,
    Cmp_Ip VARCHAR(50) NULL,
    Cmp_Nombre_Pc VARCHAR(50) NULL,
    Cmp_Login_Estado BIT(1) NULL,
    PRIMARY KEY (Pk_Id_Bitacora),
    CONSTRAINT Fk_Bitacora_Usuario FOREIGN KEY (Fk_Id_Usuario)
        REFERENCES Tbl_Usuario (Pk_Id_Usuario),
    CONSTRAINT Fk_Bitacora_Aplicacion FOREIGN KEY (Fk_Id_Aplicacion)
        REFERENCES Tbl_Aplicacion (Pk_Id_Aplicacion)
        ON DELETE SET NULL
        ON UPDATE CASCADE
);

--
-- Table structure for table tbl_bloqueo_usuario
--

DROP TABLE IF EXISTS tbl_bloqueo_usuario;
/*!40101 SET @saved_cs_client     = @@character_set_client */;
/*!50503 SET character_set_client = utf8mb4 */;
CREATE TABLE tbl_bloqueo_usuario (
  Pk_Id_Bloqueo int NOT NULL AUTO_INCREMENT,
  Fk_Id_Usuario int DEFAULT NULL,
  Fk_Id_Bitacora int DEFAULT NULL,
  Cmp_Fecha_Inicio_Bloqueo_Usuario datetime DEFAULT NULL,
  Cmp_Fecha_Fin_Bloqueo_Usuario datetime DEFAULT NULL,
  Cmp_Motivo__Bloqueo_Usuario varchar(50) DEFAULT NULL,
  PRIMARY KEY (Pk_Id_Bloqueo),
  KEY Fk_Bloqueo_Usuario (Fk_Id_Usuario),
  KEY Fk_Bloqueo_Bitacora (Fk_Id_Bitacora),
  CONSTRAINT Fk_Bloqueo_Bitacora FOREIGN KEY (Fk_Id_Bitacora) REFERENCES tbl_bitacora (Pk_Id_Bitacora),
  CONSTRAINT Fk_Bloqueo_Usuario FOREIGN KEY (Fk_Id_Usuario) REFERENCES tbl_usuario (Pk_Id_Usuario)
) ENGINE=InnoDB DEFAULT CHARSET=utf8mb4 COLLATE=utf8mb4_0900_ai_ci;
/*!40101 SET character_set_client = @saved_cs_client */;

--
-- Dumping data for table tbl_bloqueo_usuario
--

LOCK TABLES tbl_bloqueo_usuario WRITE;
/*!40000 ALTER TABLE tbl_bloqueo_usuario DISABLE KEYS */;
/*!40000 ALTER TABLE tbl_bloqueo_usuario ENABLE KEYS */;
UNLOCK TABLES;

--
-- Table structure for table tbl_cliente
--

DROP TABLE IF EXISTS tbl_cliente;
/*!40101 SET @saved_cs_client     = @@character_set_client */;
/*!50503 SET character_set_client = utf8mb4 */;
CREATE TABLE tbl_cliente (
  Pk_Id_Cliente int NOT NULL,
  Cmp_Nombres_Cliente varchar(50) DEFAULT NULL,
  Cmp_Apellidos_Cliente varchar(50) DEFAULT NULL,
  Cmp_Dni_Cliente bigint DEFAULT NULL,
  Cmp_Fecha_Registro_Cliente datetime DEFAULT NULL,
  Cmp_Estado_Cliente bit(1) DEFAULT NULL,
  Cmp_Nacionalidad_Cliente varchar(50) DEFAULT NULL,
  PRIMARY KEY (Pk_Id_Cliente)
) ENGINE=InnoDB DEFAULT CHARSET=utf8mb4 COLLATE=utf8mb4_0900_ai_ci;
/*!40101 SET character_set_client = @saved_cs_client */;

--
-- Dumping data for table tbl_cliente
--

LOCK TABLES tbl_cliente WRITE;
/*!40000 ALTER TABLE tbl_cliente DISABLE KEYS */;
INSERT INTO tbl_cliente VALUES (1,'Cliente','Prueba',9876543210101,'2025-09-21 23:00:51',_binary '','Guatemalteco');
/*!40000 ALTER TABLE tbl_cliente ENABLE KEYS */;
UNLOCK TABLES;

--
-- Table structure for table tbl_correo_cliente
--

DROP TABLE IF EXISTS tbl_correo_cliente;
/*!40101 SET @saved_cs_client     = @@character_set_client */;
/*!50503 SET character_set_client = utf8mb4 */;
CREATE TABLE tbl_correo_cliente (
  Pk_Id_Correo int NOT NULL,
  Fk_Id_Cliente int DEFAULT NULL,
  Cmp_Correo_Cliente varchar(50) DEFAULT NULL,
  PRIMARY KEY (Pk_Id_Correo),
  KEY Fk_Correo_Cliente (Fk_Id_Cliente),
  CONSTRAINT Fk_Correo_Cliente FOREIGN KEY (Fk_Id_Cliente) REFERENCES tbl_cliente (Pk_Id_Cliente)
) ENGINE=InnoDB DEFAULT CHARSET=utf8mb4 COLLATE=utf8mb4_0900_ai_ci;
/*!40101 SET character_set_client = @saved_cs_client */;

--
-- Dumping data for table tbl_correo_cliente
--

LOCK TABLES tbl_correo_cliente WRITE;
/*!40000 ALTER TABLE tbl_correo_cliente DISABLE KEYS */;
/*!40000 ALTER TABLE tbl_correo_cliente ENABLE KEYS */;
UNLOCK TABLES;

--
-- Table structure for table tbl_empleado
--

DROP TABLE IF EXISTS tbl_empleado;
/*!40101 SET @saved_cs_client     = @@character_set_client */;
/*!50503 SET character_set_client = utf8mb4 */;
CREATE TABLE tbl_empleado (
  Pk_Id_Empleado int NOT NULL AUTO_INCREMENT,
  Cmp_Nombres_Empleado varchar(50) DEFAULT NULL,
  Cmp_Apellidos_Empleado varchar(50) DEFAULT NULL,
  Cmp_Dpi_Empleado bigint DEFAULT NULL,
  Cmp_Nit_Empleado bigint DEFAULT NULL,
  Cmp_Correo_Empleado varchar(50) DEFAULT NULL,
  Cmp_Telefono_Empleado varchar(15) DEFAULT NULL,
  Cmp_Genero_Empleado bit(1) DEFAULT NULL,
  Cmp_Fecha_Nacimiento_Empleado date DEFAULT NULL,
  Cmp_Fecha_Contratacion__Empleado date DEFAULT NULL,
  PRIMARY KEY (Pk_Id_Empleado)
) ENGINE=InnoDB AUTO_INCREMENT=5001 DEFAULT CHARSET=utf8mb4 COLLATE=utf8mb4_0900_ai_ci;
/*!40101 SET character_set_client = @saved_cs_client */;

--
-- Dumping data for table tbl_empleado
--

LOCK TABLES tbl_empleado WRITE;
/*!40000 ALTER TABLE tbl_empleado DISABLE KEYS */;
INSERT INTO tbl_empleado VALUES (2,'Juan','Pérez López',1234567890101,9876542,'juan.perez@example.com','5555-1234',_binary '','1995-08-20','2025-09-21'),(3,'Juan','pruebas',1234,123,'@pruebas','1234',_binary '','2025-09-26','2025-09-26');
/*!40000 ALTER TABLE tbl_empleado ENABLE KEYS */;
UNLOCK TABLES;

--
-- Table structure for table tbl_modulo
--

DROP TABLE IF EXISTS tbl_modulo;
/*!40101 SET @saved_cs_client     = @@character_set_client */;
/*!50503 SET character_set_client = utf8mb4 */;
CREATE TABLE tbl_modulo (
  Pk_Id_Modulo int NOT NULL,
  Cmp_Nombre_Modulo varchar(50) DEFAULT NULL,
  Cmp_Descripcion_Modulo varchar(50) DEFAULT NULL,
  Cmp_Estado_Modulo bit(1) NOT NULL,
  PRIMARY KEY (Pk_Id_Modulo)
) ENGINE=InnoDB DEFAULT CHARSET=utf8mb4 COLLATE=utf8mb4_0900_ai_ci;
/*!40101 SET character_set_client = @saved_cs_client */;

--
-- Dumping data for table tbl_modulo
--

LOCK TABLES tbl_modulo WRITE;
/*!40000 ALTER TABLE tbl_modulo DISABLE KEYS */;
INSERT INTO tbl_modulo VALUES (4,'Seguridad','Modulo de seguridad de la hoteleria',_binary '');
/*!40000 ALTER TABLE tbl_modulo ENABLE KEYS */;
UNLOCK TABLES;

--
-- Table structure for table tbl_nit_cliente
--

DROP TABLE IF EXISTS tbl_nit_cliente;
/*!40101 SET @saved_cs_client     = @@character_set_client */;
/*!50503 SET character_set_client = utf8mb4 */;
CREATE TABLE tbl_nit_cliente (
  Pk_Id_Nit int NOT NULL,
  Fk_Id_Cliente int DEFAULT NULL,
  Cmp_Nit_Cliente varchar(15) DEFAULT NULL,
  PRIMARY KEY (Pk_Id_Nit),
  KEY Fk_Nit_Cliente (Fk_Id_Cliente),
  CONSTRAINT Fk_Nit_Cliente FOREIGN KEY (Fk_Id_Cliente) REFERENCES tbl_cliente (Pk_Id_Cliente)
) ENGINE=InnoDB DEFAULT CHARSET=utf8mb4 COLLATE=utf8mb4_0900_ai_ci;
/*!40101 SET character_set_client = @saved_cs_client */;

--
-- Dumping data for table tbl_nit_cliente
--

LOCK TABLES tbl_nit_cliente WRITE;
/*!40000 ALTER TABLE tbl_nit_cliente DISABLE KEYS */;
INSERT INTO tbl_nit_cliente VALUES (1,1,'0901-22-2929');
/*!40000 ALTER TABLE tbl_nit_cliente ENABLE KEYS */;
UNLOCK TABLES;

--
-- Table structure for table tbl_numero_cliente
--

DROP TABLE IF EXISTS tbl_numero_cliente;
/*!40101 SET @saved_cs_client     = @@character_set_client */;
/*!50503 SET character_set_client = utf8mb4 */;
CREATE TABLE tbl_numero_cliente (
  Pk_Id_Numero int NOT NULL,
  Fk_Id_Cliente int DEFAULT NULL,
  Cmp_Telefono_Cliente varchar(15) DEFAULT NULL,
  PRIMARY KEY (Pk_Id_Numero),
  KEY Fk_Numero_Cliente (Fk_Id_Cliente),
  CONSTRAINT Fk_Numero_Cliente FOREIGN KEY (Fk_Id_Cliente) REFERENCES tbl_cliente (Pk_Id_Cliente)
) ENGINE=InnoDB DEFAULT CHARSET=utf8mb4 COLLATE=utf8mb4_0900_ai_ci;
/*!40101 SET character_set_client = @saved_cs_client */;

--
-- Dumping data for table tbl_numero_cliente
--

LOCK TABLES tbl_numero_cliente WRITE;
/*!40000 ALTER TABLE tbl_numero_cliente DISABLE KEYS */;
/*!40000 ALTER TABLE tbl_numero_cliente ENABLE KEYS */;
UNLOCK TABLES;

--
-- Table structure for table tbl_perfil
--

DROP TABLE IF EXISTS tbl_perfil;
/*!40101 SET @saved_cs_client     = @@character_set_client */;
/*!50503 SET character_set_client = utf8mb4 */;
CREATE TABLE tbl_perfil (
  Pk_Id_Perfil int NOT NULL AUTO_INCREMENT,
  Cmp_Puesto_Perfil varchar(50) DEFAULT NULL,
  Cmp_Descripcion_Perfil varchar(50) DEFAULT NULL,
  Cmp_Estado_Perfil bit(1) NOT NULL,
  Cmp_Tipo_Perfil int DEFAULT NULL,
  PRIMARY KEY (Pk_Id_Perfil)
) ENGINE=InnoDB AUTO_INCREMENT=45 DEFAULT CHARSET=utf8mb4 COLLATE=utf8mb4_0900_ai_ci;
/*!40101 SET character_set_client = @saved_cs_client */;

--
-- Dumping data for table tbl_perfil
--

LOCK TABLES tbl_perfil WRITE;
/*!40000 ALTER TABLE tbl_perfil DISABLE KEYS */;
INSERT INTO tbl_perfil VALUES (1,'Administrador','Perfil con todos los permisos',_binary '',1),(12,'Probador','Persona que prueba codigo',_binary '',1),(22,'Pruebadef','pufa',_binary '',1),(33,'tester','provee',_binary '',1);
/*!40000 ALTER TABLE tbl_perfil ENABLE KEYS */;
UNLOCK TABLES;

--
-- Table structure for table tbl_permiso_perfil_aplicacion
--

DROP TABLE IF EXISTS tbl_permiso_perfil_aplicacion;
/*!40101 SET @saved_cs_client     = @@character_set_client */;
/*!50503 SET character_set_client = utf8mb4 */;
CREATE TABLE tbl_permiso_perfil_aplicacion (
  Fk_Id_Perfil int NOT NULL,
  Fk_Id_Modulo int NOT NULL,
  Fk_Id_Aplicacion int NOT NULL,
  Cmp_Ingresar_Permisos_Aplicacion_Perfil bit(1) DEFAULT NULL,
  Cmp_Consultar_Permisos_Aplicacion_Perfil bit(1) DEFAULT NULL,
  Cmp_Modificar_Permisos_Aplicacion_Perfil bit(1) DEFAULT NULL,
  Cmp_Eliminar_Permisos_Aplicacion_Perfil bit(1) DEFAULT NULL,
  Cmp_Imprimir_Permisos_Aplicacion_Perfil bit(1) DEFAULT NULL,
  PRIMARY KEY (Fk_Id_Perfil,Fk_Id_Modulo,Fk_Id_Aplicacion),
  KEY Fk_PermisoPerfil_ModuloAplicacion (Fk_Id_Modulo,Fk_Id_Aplicacion),
  CONSTRAINT Fk_PermisoPerfil FOREIGN KEY (Fk_Id_Perfil) REFERENCES tbl_perfil (Pk_Id_Perfil) ON DELETE RESTRICT ON UPDATE CASCADE,
  CONSTRAINT Fk_PermisoPerfil_ModuloAplicacion FOREIGN KEY (Fk_Id_Modulo, Fk_Id_Aplicacion) REFERENCES tbl_asignacion_modulo_aplicacion (Fk_Id_Modulo, Fk_Id_Aplicacion) ON DELETE RESTRICT ON UPDATE CASCADE
) ENGINE=InnoDB DEFAULT CHARSET=utf8mb4 COLLATE=utf8mb4_0900_ai_ci;
/*!40101 SET character_set_client = @saved_cs_client */;

--
-- Dumping data for table tbl_permiso_perfil_aplicacion
--

LOCK TABLES tbl_permiso_perfil_aplicacion WRITE;
/*!40000 ALTER TABLE tbl_permiso_perfil_aplicacion DISABLE KEYS */;
INSERT INTO tbl_permiso_perfil_aplicacion VALUES (12,4,303,_binary '',_binary '\0',_binary '',_binary '\0',_binary '\0'),(12,4,306,_binary '\0',_binary '\0',_binary '\0',_binary '\0',_binary '\0'),(22,4,301,_binary '\0',_binary '\0',_binary '\0',_binary '\0',_binary '\0'),(22,4,302,_binary '\0',_binary '\0',_binary '\0',_binary '\0',_binary '\0'),(22,4,303,_binary '\0',_binary '\0',_binary '',_binary '\0',_binary '\0'),(22,4,304,_binary '\0',_binary '\0',_binary '\0',_binary '\0',_binary '\0'),(22,4,305,_binary '\0',_binary '\0',_binary '\0',_binary '\0',_binary '\0'),(22,4,306,_binary '\0',_binary '\0',_binary '\0',_binary '\0',_binary '\0'),(22,4,307,_binary '\0',_binary '\0',_binary '\0',_binary '\0',_binary '\0'),(22,4,308,_binary '\0',_binary '\0',_binary '\0',_binary '\0',_binary '\0'),(22,4,309,_binary '\0',_binary '\0',_binary '\0',_binary '\0',_binary '\0');
/*!40000 ALTER TABLE tbl_permiso_perfil_aplicacion ENABLE KEYS */;
UNLOCK TABLES;

--
-- Table structure for table tbl_permiso_usuario_aplicacion
--

DROP TABLE IF EXISTS tbl_permiso_usuario_aplicacion;
/*!40101 SET @saved_cs_client     = @@character_set_client */;
/*!50503 SET character_set_client = utf8mb4 */;
CREATE TABLE tbl_permiso_usuario_aplicacion (
  Fk_Id_Usuario int NOT NULL,
  Fk_Id_Modulo int NOT NULL,
  Fk_Id_Aplicacion int NOT NULL,
  Cmp_Ingresar_Permiso_Aplicacion_Usuario bit(1) DEFAULT NULL,
  Cmp_Consultar_Permiso_Aplicacion_Usuario bit(1) DEFAULT NULL,
  Cmp_Modificar_Permiso_Aplicacion_Usuario bit(1) DEFAULT NULL,
  Cmp_Eliminar_Permiso_Aplicacion_Usuario bit(1) DEFAULT NULL,
  Cmp_Imprimir_Permiso_Aplicacion_Usuario bit(1) DEFAULT NULL,
  PRIMARY KEY (Fk_Id_Usuario,Fk_Id_Modulo,Fk_Id_Aplicacion),
  KEY Fk_Permiso_Modulo_Aplicacion (Fk_Id_Modulo,Fk_Id_Aplicacion),
  CONSTRAINT Fk_Permiso_Modulo_Aplicacion FOREIGN KEY (Fk_Id_Modulo, Fk_Id_Aplicacion) REFERENCES tbl_asignacion_modulo_aplicacion (Fk_Id_Modulo, Fk_Id_Aplicacion) ON DELETE RESTRICT ON UPDATE CASCADE,
  CONSTRAINT Fk_Permiso_Usuario FOREIGN KEY (Fk_Id_Usuario) REFERENCES tbl_usuario (Pk_Id_Usuario)
) ENGINE=InnoDB DEFAULT CHARSET=utf8mb4 COLLATE=utf8mb4_0900_ai_ci;
/*!40101 SET character_set_client = @saved_cs_client */;

--
-- Dumping data for table tbl_permiso_usuario_aplicacion
--

LOCK TABLES tbl_permiso_usuario_aplicacion WRITE;
/*!40000 ALTER TABLE tbl_permiso_usuario_aplicacion DISABLE KEYS */;
INSERT INTO tbl_permiso_usuario_aplicacion VALUES (4,4,301,_binary '',_binary '',_binary '',_binary '',_binary ''),(4,4,302,_binary '',_binary '',_binary '',_binary '',_binary ''),(4,4,303,_binary '',_binary '\0',_binary '',_binary '\0',_binary '\0'),(4,4,304,_binary '',_binary '',_binary '\0',_binary '\0',_binary '\0'),(4,4,305,_binary '',_binary '',_binary '',_binary '',_binary ''),(4,4,306,_binary '',_binary '',_binary '',_binary '',_binary ''),(4,4,307,_binary '',_binary '',_binary '',_binary '',_binary ''),(4,4,308,_binary '',_binary '',_binary '',_binary '',_binary ''),(23,4,301,_binary '',_binary '',_binary '',_binary '',_binary ''),(23,4,302,_binary '',_binary '',_binary '',_binary '',_binary ''),(23,4,303,_binary '',_binary '',_binary '',_binary '',_binary ''),(23,4,304,_binary '',_binary '',_binary '',_binary '',_binary ''),(23,4,305,_binary '',_binary '',_binary '',_binary '',_binary ''),(23,4,306,_binary '',_binary '',_binary '',_binary '',_binary ''),(23,4,307,_binary '',_binary '',_binary '',_binary '',_binary ''),(23,4,308,_binary '',_binary '',_binary '',_binary '',_binary ''),(23,4,309,_binary '',_binary '',_binary '',_binary '',_binary '');
/*!40000 ALTER TABLE tbl_permiso_usuario_aplicacion ENABLE KEYS */;
UNLOCK TABLES;

DROP TABLE IF EXISTS tbl_reportes;

/*!40101 SET @saved_cs_client     = @@character_set_client */;
/*!50503 SET character_set_client = utf8mb4 */;

CREATE TABLE tbl_reportes (
  Pk_Id_Reporte int NOT NULL AUTO_INCREMENT,
  Cmp_Titulo_Reporte varchar(50) DEFAULT NULL,
  Cmp_Ruta_Reporte varchar(500) DEFAULT NULL,
  Cmp_Fecha_Reporte date DEFAULT NULL,
  PRIMARY KEY (Pk_Id_Reporte)
) ENGINE=InnoDB DEFAULT CHARSET=utf8mb4 COLLATE=utf8mb4_0900_ai_ci;

/*!40101 SET character_set_client = @saved_cs_client */;

--
-- Dumping data for table tbl_reportes
--

LOCK TABLES tbl_reportes WRITE;
/*!40000 ALTER TABLE tbl_reportes DISABLE KEYS */;
INSERT INTO tbl_reportes VALUES (1,'Reporte Inicial','ruta/reporte.pdf','2025-01-01');
/*!40000 ALTER TABLE tbl_reportes ENABLE KEYS */;
UNLOCK TABLES;

--
-- Table structure for table tbl_salario_empleado
--

DROP TABLE IF EXISTS tbl_salario_empleado;
/*!40101 SET @saved_cs_client     = @@character_set_client */;
/*!50503 SET character_set_client = utf8mb4 */;
CREATE TABLE tbl_salario_empleado (
  Pk_Id_Salario int NOT NULL,
  Fk_Id_Empleado int DEFAULT NULL,
  Cmp_Monto_Salario_Empleado float DEFAULT NULL,
  Cmp_Fecha_Inicio_Salario_Empleado datetime DEFAULT NULL,
  Cmp_Fecha_Fin_Salario_Empleado datetime DEFAULT NULL,
  Cmp_Estado_Salario_Empleado bit(1) DEFAULT NULL,
  PRIMARY KEY (Pk_Id_Salario),
  KEY Fk_Salario_Empleado (Fk_Id_Empleado),
  CONSTRAINT Fk_Salario_Empleado FOREIGN KEY (Fk_Id_Empleado) REFERENCES tbl_empleado (Pk_Id_Empleado)
) ENGINE=InnoDB DEFAULT CHARSET=utf8mb4 COLLATE=utf8mb4_0900_ai_ci;
/*!40101 SET character_set_client = @saved_cs_client */;

--
-- Dumping data for table tbl_salario_empleado
--

LOCK TABLES tbl_salario_empleado WRITE;
/*!40000 ALTER TABLE tbl_salario_empleado DISABLE KEYS */;
/*!40000 ALTER TABLE tbl_salario_empleado ENABLE KEYS */;
UNLOCK TABLES;

--
-- Table structure for table tbl_token_restaurarcontrasena
--

DROP TABLE IF EXISTS tbl_token_restaurarcontrasena;
/*!40101 SET @saved_cs_client     = @@character_set_client */;
/*!50503 SET character_set_client = utf8mb4 */;
CREATE TABLE tbl_token_restaurarcontrasena (
  Pk_Id_Token int NOT NULL AUTO_INCREMENT,
  Fk_Id_Usuario int DEFAULT NULL,
  Cmp_Token varchar(50) DEFAULT NULL,
  Cmp_Fecha_Creacion_Restaurar_Contrasenea datetime DEFAULT NULL,
  Cmp_Expiracion_Restaurar_Contrasenea datetime DEFAULT NULL,
  Cmp_Utilizado_Restaurar_Contrasenea bit(1) DEFAULT NULL,
  Cmp_Fecha_Uso_Restaurar_Contrasenea datetime DEFAULT NULL,
  PRIMARY KEY (Pk_Id_Token),
  KEY Fk_Token_Usuario (Fk_Id_Usuario),
  CONSTRAINT Fk_Token_Usuario FOREIGN KEY (Fk_Id_Usuario) REFERENCES tbl_usuario (Pk_Id_Usuario)
) ENGINE=InnoDB AUTO_INCREMENT=26 DEFAULT CHARSET=utf8mb4 COLLATE=utf8mb4_0900_ai_ci;
/*!40101 SET character_set_client = @saved_cs_client */;

--
-- Dumping data for table tbl_token_restaurarcontrasena
--

LOCK TABLES tbl_token_restaurarcontrasena WRITE;
/*!40000 ALTER TABLE tbl_token_restaurarcontrasena DISABLE KEYS */;
INSERT INTO tbl_token_restaurarcontrasena VALUES (23,4,'B07EF449','2025-10-18 12:07:34','2025-10-18 12:12:34',_binary '','2025-10-18 12:08:27'),(24,4,'0C76A696','2025-10-18 17:08:53','2025-10-18 17:13:53',_binary '','2025-10-18 17:09:11');
/*!40000 ALTER TABLE tbl_token_restaurarcontrasena ENABLE KEYS */;
UNLOCK TABLES;

--
-- Table structure for table tbl_usuario
--

DROP TABLE IF EXISTS tbl_usuario;
/*!40101 SET @saved_cs_client     = @@character_set_client */;
/*!50503 SET character_set_client = utf8mb4 */;
CREATE TABLE tbl_usuario (
  Pk_Id_Usuario int NOT NULL AUTO_INCREMENT,
  Fk_Id_Empleado int DEFAULT NULL,
  Cmp_Nombre_Usuario varchar(50) DEFAULT NULL,
  Cmp_Contrasena_Usuario varchar(65) DEFAULT NULL,
  Cmp_Intentos_Fallidos_Usuario int DEFAULT NULL,
  Cmp_Estado_Usuario bit(1) DEFAULT NULL,
  Cmp_FechaCreacion_Usuario datetime DEFAULT NULL,
  Cmp_Ultimo_Cambio_Contrasenea datetime DEFAULT NULL,
  Cmp_Pidio_Cambio_Contrasenea bit(1) DEFAULT NULL,
  PRIMARY KEY (Pk_Id_Usuario),
  KEY Fk_Usuario_Empleado (Fk_Id_Empleado),
  CONSTRAINT Fk_Usuario_Empleado FOREIGN KEY (Fk_Id_Empleado) REFERENCES tbl_empleado (Pk_Id_Empleado) ON DELETE RESTRICT ON UPDATE RESTRICT
) ENGINE=InnoDB AUTO_INCREMENT=63 DEFAULT CHARSET=utf8mb4 COLLATE=utf8mb4_0900_ai_ci;
/*!40101 SET character_set_client = @saved_cs_client */;

--
-- Dumping data for table tbl_usuario
--

LOCK TABLES tbl_usuario WRITE;
/*!40000 ALTER TABLE tbl_usuario DISABLE KEYS */;
INSERT INTO tbl_usuario VALUES (4,2,'brandon','45297c633d331e6ac35169ebaaf75bc7fafd206ebb59ba4efd80566936e46eb0',0,_binary '','2025-09-21 20:49:54','2025-10-18 17:09:11',_binary '\0'),(23,3,'admin','240be518fabd2724ddb6f04eeb1da5967448d7e831c08c8fa822809f74c720a9',0,_binary '','2025-09-26 20:45:53','2025-09-26 20:45:53',_binary '\0');
/*!40000 ALTER TABLE tbl_usuario ENABLE KEYS */;
UNLOCK TABLES;

--
-- Table structure for table tbl_usuario_perfil
--

DROP TABLE IF EXISTS tbl_usuario_perfil;
/*!40101 SET @saved_cs_client     = @@character_set_client */;
/*!50503 SET character_set_client = utf8mb4 */;
CREATE TABLE tbl_usuario_perfil (
  Fk_Id_Usuario int NOT NULL,
  Fk_Id_Perfil int NOT NULL,
  PRIMARY KEY (Fk_Id_Usuario,Fk_Id_Perfil),
  KEY Fk_UsuarioPerfil_Perfil (Fk_Id_Perfil),
  CONSTRAINT Fk_UsuarioPerfil_Perfil FOREIGN KEY (Fk_Id_Perfil) REFERENCES tbl_perfil (Pk_Id_Perfil),
  CONSTRAINT Fk_UsuarioPerfil_Usuario FOREIGN KEY (Fk_Id_Usuario) REFERENCES tbl_usuario (Pk_Id_Usuario)
) ENGINE=InnoDB DEFAULT CHARSET=utf8mb4 COLLATE=utf8mb4_0900_ai_ci;
/*!40101 SET character_set_client = @saved_cs_client */;

--
-- Dumping data for table tbl_usuario_perfil
--

LOCK TABLES tbl_usuario_perfil WRITE;
/*!40000 ALTER TABLE tbl_usuario_perfil DISABLE KEYS */;
INSERT INTO tbl_usuario_perfil VALUES (4,1);
/*!40000 ALTER TABLE tbl_usuario_perfil ENABLE KEYS */;
UNLOCK TABLES;
/*!40103 SET TIME_ZONE=@OLD_TIME_ZONE */;

/*!40101 SET SQL_MODE=@OLD_SQL_MODE */;
/*!40014 SET FOREIGN_KEY_CHECKS=@OLD_FOREIGN_KEY_CHECKS */;
/*!40014 SET UNIQUE_CHECKS=@OLD_UNIQUE_CHECKS */;
/*!40101 SET CHARACTER_SET_CLIENT=@OLD_CHARACTER_SET_CLIENT */;
/*!40101 SET CHARACTER_SET_RESULTS=@OLD_CHARACTER_SET_RESULTS */;
/*!40101 SET COLLATION_CONNECTION=@OLD_COLLATION_CONNECTION */;
/*!40111 SET SQL_NOTES=@OLD_SQL_NOTES */;

-- Dump completed on 2025-10-24 19:57:44